{
    "attributes_auc": [
        0.8576077222824097,
        0.9344016909599304,
        0.9480757713317871,
        0.9545266628265381,
        0.9598497152328491,
        0.9634129405021667,
        0.9666945338249207,
        0.9697829484939575,
        0.9723324775695801,
        0.9744446277618408,
        0.9767621159553528,
        0.9784015417098999,
        0.980309247970581,
        0.9818269610404968,
        0.9835231900215149,
        0.9848599433898926,
        0.986094057559967,
        0.9875001907348633,
        0.9885404109954834,
        0.9895806312561035,
        0.9902637004852295,
        0.9911202788352966,
        0.9920681118965149,
        0.992777943611145,
        0.9935668110847473
    ],
    "attributes_binary_accuracy": [
        0.8526799082756042,
        0.9005840420722961,
        0.9103291630744934,
        0.9154130816459656,
        0.9207547903060913,
        0.9243819117546082,
        0.9267492294311523,
        0.9303724765777588,
        0.9333764314651489,
        0.9357872605323792,
        0.9387304782867432,
        0.9410821199417114,
        0.9443041682243347,
        0.9467733502388,
        0.9494933485984802,
        0.9515610933303833,
        0.9534063935279846,
        0.955881655216217,
        0.9580680131912231,
        0.9601713418960571,
        0.961910605430603,
        0.9633655548095703,
        0.9657925963401794,
        0.9674243330955505,
        0.9692667722702026
    ],
    "attributes_loss": [
        0.36179259419441223,
        0.2503420114517212,
        0.22507011890411377,
        0.21136119961738586,
        0.1993689388036728,
        0.19094732403755188,
        0.1825191080570221,
        0.1744205504655838,
        0.16724418103694916,
        0.1611296683549881,
        0.15371941030025482,
        0.1487048715353012,
        0.14184658229351044,
        0.1363428682088852,
        0.1298513114452362,
        0.12469208240509033,
        0.11986555904150009,
        0.11376821249723434,
        0.10885567218065262,
        0.10405026376247406,
        0.10050251334905624,
        0.09608054161071777,
        0.09077806770801544,
        0.08656769245862961,
        0.08217859268188477
    ],
    "attributes_precision": [
        0.687345027923584,
        0.8184044361114502,
        0.8343828916549683,
        0.8410177826881409,
        0.850290834903717,
        0.8566253185272217,
        0.8599578738212585,
        0.8667850494384766,
        0.8729209899902344,
        0.8774352669715881,
        0.8831053972244263,
        0.8879629373550415,
        0.8936232328414917,
        0.8991978764533997,
        0.9037283658981323,
        0.9070426225662231,
        0.9108811020851135,
        0.9162164330482483,
        0.9204245805740356,
        0.9232616424560547,
        0.9279547333717346,
        0.9303227663040161,
        0.934904932975769,
        0.937156617641449,
        0.9402751922607422
    ],
    "attributes_recall": [
        0.5493206977844238,
        0.6775999069213867,
        0.7156343460083008,
        0.7371025085449219,
        0.7563315033912659,
        0.7691457867622375,
        0.7784350514411926,
        0.7903718948364258,
        0.7995854616165161,
        0.8074374198913574,
        0.8167569637298584,
        0.8237617015838623,
        0.8344882130622864,
        0.8411903381347656,
        0.8504191040992737,
        0.8575448393821716,
        0.8628551363945007,
        0.8697388768196106,
        0.8763654232025146,
        0.8840811848640442,
        0.8878029584884644,
        0.8926442265510559,
        0.8999969959259033,
        0.9058367609977722,
        0.9117673635482788
    ],
    "category_accuracy": [
        0.47772306203842163,
        0.7049593329429626,
        0.8023708462715149,
        0.8648493885993958,
        0.9074562191963196,
        0.9325965046882629,
        0.9508647322654724,
        0.9612300992012024,
        0.9690756797790527,
        0.9734852910041809,
        0.9759477972984314,
        0.9785248041152954,
        0.9813308715820312,
        0.9823044538497925,
        0.9844233393669128,
        0.9867140054702759,
        0.9859122633934021,
        0.9876875281333923,
        0.9875730276107788,
        0.9900355339050293,
        0.9883747696876526,
        0.9905509352684021,
        0.990493655204773,
        0.9913526773452759,
        0.9911808371543884
    ],
    "category_balanced_accuracy": [
        0.4199622869491577,
        0.6212953329086304,
        0.7045527696609497,
        0.7602817416191101,
        0.7974170446395874,
        0.8140624761581421,
        0.829056978225708,
        0.8397929668426514,
        0.8432602882385254,
        0.8445830941200256,
        0.8577105402946472,
        0.8517087697982788,
        0.8565318584442139,
        0.8490788340568542,
        0.858971118927002,
        0.8648738265037537,
        0.8585354089736938,
        0.8647273778915405,
        0.8559087514877319,
        0.8604575395584106,
        0.8619751930236816,
        0.8601020574569702,
        0.8628891706466675,
        0.8614501953125,
        0.8570148944854736
    ],
    "category_loss": [
        1.6075634956359863,
        0.8978471755981445,
        0.6148377060890198,
        0.42185738682746887,
        0.2989492416381836,
        0.22020936012268066,
        0.16018176078796387,
        0.13150909543037415,
        0.10370737314224243,
        0.08938854187726974,
        0.07809410989284515,
        0.07070933282375336,
        0.0623759888112545,
        0.05828810855746269,
        0.04894254729151726,
        0.044288214296102524,
        0.04651429131627083,
        0.041091255843639374,
        0.03975491225719452,
        0.03631030023097992,
        0.03676534444093704,
        0.032354410737752914,
        0.03304024785757065,
        0.0288154948502779,
        0.02814059518277645
    ],
    "loss": [
        1.9696294069290161,
        1.14806067943573,
        0.8400174379348755,
        0.633282482624054,
        0.49834832549095154,
        0.4112009108066559,
        0.3426230549812317,
        0.30594372749328613,
        0.2709442377090454,
        0.25027409195899963,
        0.23182955384254456,
        0.2193390130996704,
        0.20415252447128296,
        0.1946539729833603,
        0.17882797122001648,
        0.16897082328796387,
        0.16640444099903107,
        0.15490108728408813,
        0.148605078458786,
        0.14036428928375244,
        0.13721996545791626,
        0.12842753529548645,
        0.12383659183979034,
        0.11535346508026123,
        0.11019082367420197
    ],
    "val_attributes_auc": [
        0.8235424160957336,
        0.846634566783905,
        0.8771846890449524,
        0.8618462681770325,
        0.8780675530433655,
        0.8960287570953369,
        0.8312336206436157,
        0.672768771648407,
        0.699548602104187,
        0.8344172835350037,
        0.8578996062278748,
        0.8775976896286011,
        0.8263488411903381,
        0.6546919345855713,
        0.8440688848495483,
        0.758197546005249,
        0.7817941904067993,
        0.8306527733802795,
        0.8884592056274414,
        0.8910185694694519,
        0.6875647902488708,
        0.8993600010871887,
        0.8490312695503235,
        0.8706348538398743,
        0.8869375586509705
    ],